search_id,search_date,search_date_status,search_type,function,capability_key,scope_region,scope_sources,query,result,hits,record_ids,counts_toward_absence,route_scope,documented_in,note
DIR-01,,not_recorded,string_search,co2_reduction,CO2_REDUCTION,Country A;Country B,Country A national space-industry directory (title withheld) 2019 edition (117 entries); Country B national space directory (title withheld) 2025 edition (90 entries),"""Sabatier""",not_found,0,,false,national_space_directories,"author evidence register, not in this release: directory_coverage.md, section 3",Self-declared national directories covering 2 of 22 ESA member states; the note states they support no claim of European absence. Term-to-function mapping is the analyst's.
DIR-02,,not_recorded,string_search,brine_processing,BRINE_DEWATERING,Country A;Country B,Country A national space-industry directory (title withheld) 2019 edition (117 entries); Country B national space directory (title withheld) 2025 edition (90 entries),"""brine""",not_found,0,,false,national_space_directories,"author evidence register, not in this release: directory_coverage.md, section 3",Self-declared national directories; no claim of European absence. Term-to-function mapping is the analyst's.
DIR-03,,not_recorded,string_search,tccs,TRACE_CONTAMINANT_CONTROL,Country A;Country B,Country A national space-industry directory (title withheld) 2019 edition (117 entries); Country B national space directory (title withheld) 2025 edition (90 entries),"""trace contaminant""",not_found,0,,false,national_space_directories,"author evidence register, not in this release: directory_coverage.md, section 3",Self-declared national directories; no claim of European absence. Term-to-function mapping is the analyst's.
DIR-04,,not_recorded,string_search,water_processing,WATER_PROCESSING,Country A;Country B,Country A national space-industry directory (title withheld) 2019 edition (117 entries); Country B national space directory (title withheld) 2025 edition (90 entries),"""waste water""",not_found,0,,false,national_space_directories,"author evidence register, not in this release: directory_coverage.md, section 3",Self-declared national directories; no claim of European absence. Term-to-function mapping is the analyst's.
DIR-05,,not_recorded,string_search,o2_generation,OXYGEN_GENERATION,Country A;Country B,Country A national space-industry directory (title withheld) 2019 edition (117 entries); Country B national space directory (title withheld) 2025 edition (90 entries),"""electroly*""",not_found,0,,false,national_space_directories,"author evidence register, not in this release: directory_coverage.md, section 3",Self-declared national directories; no claim of European absence. Term-to-function mapping is the analyst's.
DIR-06,,not_recorded,string_search,co2_removal,CO2_REMOVAL,Country A;Country B,Country A national space-industry directory (title withheld) 2019 edition (117 entries); Country B national space directory (title withheld) 2025 edition (90 entries),"""scrubber""",not_found,0,,false,national_space_directories,"author evidence register, not in this release: directory_coverage.md, section 3",Self-declared national directories; no claim of European absence. Term-to-function mapping is the analyst's.
DIR-07,,not_recorded,string_search,water_polishing,WATER_PROCESSING,Country A;Country B,Country A national space-industry directory (title withheld) 2019 edition (117 entries); Country B national space directory (title withheld) 2025 edition (90 entries),"""potable""",not_found,0,,false,national_space_directories,"author evidence register, not in this release: directory_coverage.md, section 3",Self-declared national directories; no claim of European absence. Term-to-function mapping is the analyst's.
DIR-08,,not_recorded,string_search,co2_removal,CO2_REMOVAL,Country A;Country B,Country A national space-industry directory (title withheld) 2019 edition (117 entries); Country B national space directory (title withheld) 2025 edition (90 entries),"""CO2 removal""",not_found,0,,false,national_space_directories,"author evidence register, not in this release: directory_coverage.md, section 3",Self-declared national directories; no claim of European absence. Term-to-function mapping is the analyst's.
DIR-09,,not_recorded,string_search,,INTEGRATED_ECLSS,Country A;Country B,Country A national space-industry directory (title withheld) 2019 edition (117 entries); Country B national space directory (title withheld) 2025 edition (90 entries),"""air revitalisation""",not_found,0,,false,national_space_directories,"author evidence register, not in this release: directory_coverage.md, section 3","Whole air chain, no single function. Self-declared national directories; no claim of European absence."
MIN-01,2026-09-09/2026-09-10,batch_period,programme_scan,,INTEGRATED_ECLSS,Europe,ESA GSTP Element 1 Compendia 2026-2028,life-support (ECLSS) activities,not_found,0,,false,technology_programme_pipeline,"author evidence register, not in this release: supplier_mining_2026-09-10.md, What the sources do and do not say","ECLSS appears only in domain scope statements; the 13 nearest activities are in references/gstp_e1_compendium_2026_scan.csv. Evidence about the programme pipeline, not about supply."
MIN-02,2026-09-09/2026-09-10,batch_period,product_search,co2_removal,CO2_REMOVAL,Europe,"Mining batches PAP, NEB, COR, IND and USR of 9-10 September 2026",European maker of a small regenerative cabin-scale CO2 removal unit (tens of kg CO2 per day at ppm levels),not_found,0,,true,commercial_product,"author evidence register, not in this release: supplier_mining_2026-09-10.md, Gaps that remain","Nearest records: European DAC at building scale, CA-storage adsorbers at percent-level CO2, submarine and hyperbaric soda lime. The ACLS development route is a separate reviewed route in capability_routes.csv."
MIN-03,2026-09-09/2026-09-10,batch_period,product_search,,PRESSURE_VESSEL,Piedmont,"Mining batches PAP, NEB, COR, IND and USR of 9-10 September 2026",Regional pressure-vessel fabricator with a product page,partial,,,false,commercial_product,"author evidence register, not in this release: supplier_mining_2026-09-10.md, Gaps that remain",No fabricator confirmed with a product page; one regional vessel maker is recorded. PRESSURE_VESSEL is not a key of the capability taxonomy.
MIN-04,2026-09-09/2026-09-10,batch_period,product_search,co2_removal,CO2_REMOVAL,Europe,Product pages of two named suppliers (withheld),Submarine CO2 scrubbers,inaccessible,,,false,commercial_product,"author evidence register, not in this release: supplier_mining_2026-09-10.md, Gaps that remain",Pages could not be opened and were not recorded; not evidence of absence.
MIN-05,2026-09-09/2026-09-10,batch_period,product_search,,,Europe,Product pages of a named compressor supplier (withheld),product pages,inaccessible,,,false,commercial_product,"author evidence register, not in this release: supplier_mining_2026-09-10.md, Gaps that remain",Pages could not be opened and were not recorded; the note does not state the capability sought.
MIN-06,2026-09-09/2026-09-10,batch_period,product_search,,,Europe,Product pages of a named membrane supplier (withheld),product pages,inaccessible,,,false,commercial_product,"author evidence register, not in this release: supplier_mining_2026-09-10.md, Gaps that remain",Pages could not be opened and were not recorded; the note does not state the capability sought.
ENR-01,2026-09-14,campaign_date,technical_data,humidity_control,TEMPERATURE_HUMIDITY_CONTROL,Worldwide,Enrichment campaign of 14 September 2026 (author library and web),"Mass, power or volume of a condensing heat exchanger / CCAA-class unit",not_found,0,,false,technical_data,"author evidence register, not in this release: enrichment_2026-09-14.md, Not found",The sizing assumption remains in the engineering model inputs (not part of this release).
ENR-02,2026-09-14,campaign_date,technical_data,,,Worldwide,Enrichment campaign of 14 September 2026 (author library and web),"Mass, power or volume of a microbial monitor",not_found,0,,false,technical_data,"author evidence register, not in this release: enrichment_2026-09-14.md, Not found",The sizing assumption remains.
ENR-03,2026-09-14,campaign_date,technical_data,monitoring_atmosphere,CABIN_AIR_MONITORING,Worldwide,Enrichment campaign of 14 September 2026 (author library and web),"Mass, power or volume of a particulate monitor",not_found,0,,false,technical_data,"author evidence register, not in this release: enrichment_2026-09-14.md, Not found",The sizing assumption remains.
ENR-04,2026-09-14,campaign_date,technical_data,brine_processing,BRINE_DEWATERING,Worldwide,Enrichment campaign of 14 September 2026 (author library and web),BPA bladder consumable rate,not_found,0,,false,technical_data,"author evidence register, not in this release: enrichment_2026-09-14.md, Not found",
ENR-05,2026-09-14,campaign_date,technical_data,,,Worldwide,Enrichment campaign of 14 September 2026 (author library and web),"PBR@LSR mass, power, envelope volume, O2 production rate and TRL",not_found,0,,false,technical_data,"author evidence register, not in this release: enrichment_2026-09-14.md, Not found","What is published is the experiment, not the hardware."
ENR-06,2026-09-14,campaign_date,technical_data,,,Worldwide,Enrichment campaign of 14 September 2026 (author library and web),MELiSSA compartment masses and per-compartment TRLs,not_found,0,,false,technical_data,"author evidence register, not in this release: enrichment_2026-09-14.md, Not found",
ENR-07,2026-09-14,campaign_date,technical_data,,INTEGRATED_ECLSS,Worldwide,Enrichment campaign of 14 September 2026 (author library and web),"ACLS subsystem-level mass and power breakdown, and operating hours after 2020",not_found,0,,false,technical_data,"author evidence register, not in this release: enrichment_2026-09-14.md, Not found",
ENR-08,2026-09-14,campaign_date,technical_data,,INTEGRATED_ECLSS,Worldwide,Enrichment campaign of 14 September 2026 (author library and web),Published MTBF or availability figure for ACLS or Columbus ECLSS,not_found,0,,false,technical_data,"author evidence register, not in this release: enrichment_2026-09-14.md, Not found",ESA publishes anomaly narratives (38 tracked anomalies for ACLS) with no denominator.
ENR-09,2026-09-14,campaign_date,technical_data,,,Worldwide,NASA BVAD Rev 2 (NASA/TP-2015-218570/REV2),Per-technology hardware tables,not_found,0,,false,technical_data,"author evidence register, not in this release: enrichment_2026-09-14.md, Not found",The document does not contain them; that content is in the 2004 BVAD and the Hanford companion.
VER-REC-0504,2026-09-14,recorded,record_verification,,AIR_PURIFICATION,,withheld (identifies the verified catalogue record),Verify the recorded capability of REC-0504,found,,REC-0504,false,record_verification,"author evidence register, not in this release: actor_verification_industrial_2026-09-14.csv",Verdict SOURCED
VER-REC-0505,2026-09-14,recorded,record_verification,,WATER_PROCESSING,,withheld (identifies the verified catalogue record),Verify the recorded capability of REC-0505,found,,REC-0505,false,record_verification,"author evidence register, not in this release: actor_verification_industrial_2026-09-14.csv",Verdict SOURCED
VER-REC-0506,2026-09-14,recorded,record_verification,,AIR_PURIFICATION,,withheld (identifies the verified catalogue record),Verify the recorded capability of REC-0506,found,,REC-0506,false,record_verification,"author evidence register, not in this release: actor_verification_industrial_2026-09-14.csv",Verdict SOURCED
VER-REC-0509,2026-09-14,recorded,record_verification,,TRACE_CONTAMINANT_CONTROL,,withheld (identifies the verified catalogue record),Verify the recorded capability of REC-0509,found,,REC-0509,false,record_verification,"author evidence register, not in this release: actor_verification_industrial_2026-09-14.csv",Verdict SOURCED
VER-REC-0510,2026-09-14,recorded,record_verification,,AIR_PURIFICATION,,withheld (identifies the verified catalogue record),Verify the recorded capability of REC-0510,found,,REC-0510,false,record_verification,"author evidence register, not in this release: actor_verification_industrial_2026-09-14.csv",Verdict SOURCED
VER-REC-0513,2026-09-14,recorded,record_verification,,TEMPERATURE_HUMIDITY_CONTROL,,withheld (identifies the verified catalogue record),Verify the recorded capability of REC-0513,found,,REC-0513,false,record_verification,"author evidence register, not in this release: actor_verification_industrial_2026-09-14.csv",Verdict SOURCED
VER-REC-0517,2026-09-14,recorded,record_verification,,CO2_REMOVAL,,withheld (identifies the verified catalogue record),Verify the recorded capability of REC-0517,found,,REC-0517,false,record_verification,"author evidence register, not in this release: actor_verification_industrial_2026-09-14.csv",Verdict SOURCED
VER-REC-0518,2026-09-14,recorded,record_verification,,OXYGEN_GENERATION,,withheld (identifies the verified catalogue record),Verify the recorded capability of REC-0518,ambiguous,,REC-0518,false,record_verification,"author evidence register, not in this release: actor_verification_industrial_2026-09-14.csv",Verdict AMBIGUOUS
VER-REC-0519,2026-09-14,recorded,record_verification,,OXYGEN_GENERATION,,withheld (identifies the verified catalogue record),Verify the recorded capability of REC-0519,ambiguous,,REC-0519,false,record_verification,"author evidence register, not in this release: actor_verification_industrial_2026-09-14.csv",Verdict AMBIGUOUS
VER-REC-0520,2026-09-14,recorded,record_verification,,OXYGEN_GENERATION,,withheld (identifies the verified catalogue record),Verify the recorded capability of REC-0520,ambiguous,,REC-0520,false,record_verification,"author evidence register, not in this release: actor_verification_industrial_2026-09-14.csv",Verdict AMBIGUOUS
VER-REC-0521,2026-09-14,recorded,record_verification,,OXYGEN_GENERATION,,withheld (identifies the verified catalogue record),Verify the recorded capability of REC-0521,ambiguous,,REC-0521,false,record_verification,"author evidence register, not in this release: actor_verification_industrial_2026-09-14.csv",Verdict AMBIGUOUS
VER-REC-0522,2026-09-14,recorded,record_verification,,OXYGEN_GENERATION,,withheld (identifies the verified catalogue record),Verify the recorded capability of REC-0522,ambiguous,,REC-0522,false,record_verification,"author evidence register, not in this release: actor_verification_industrial_2026-09-14.csv",Verdict AMBIGUOUS
VER-REC-0523,2026-09-14,recorded,record_verification,,CO2_REMOVAL,,withheld (identifies the verified catalogue record),Verify the recorded capability of REC-0523,found,,REC-0523,false,record_verification,"author evidence register, not in this release: actor_verification_industrial_2026-09-14.csv",Verdict SOURCED
VER-REC-0524,2026-09-14,recorded,record_verification,,CO2_REMOVAL,,withheld (identifies the verified catalogue record),Verify the recorded capability of REC-0524,found,,REC-0524,false,record_verification,"author evidence register, not in this release: actor_verification_industrial_2026-09-14.csv",Verdict SOURCED
VER-REC-0525,2026-09-14,recorded,record_verification,,WATER_PROCESSING,,withheld (identifies the verified catalogue record),Verify the recorded capability of REC-0525,found,,REC-0525,false,record_verification,"author evidence register, not in this release: actor_verification_industrial_2026-09-14.csv",Verdict SOURCED
VER-REC-0526,2026-09-14,recorded,record_verification,,WATER_PROCESSING,,withheld (identifies the verified catalogue record),Verify the recorded capability of REC-0526,found,,REC-0526,false,record_verification,"author evidence register, not in this release: actor_verification_industrial_2026-09-14.csv",Verdict SOURCED
VER-REC-0527,2026-09-14,recorded,record_verification,,WATER_PROCESSING,,withheld (identifies the verified catalogue record),Verify the recorded capability of REC-0527,found,,REC-0527,false,record_verification,"author evidence register, not in this release: actor_verification_industrial_2026-09-14.csv",Verdict SOURCED
VER-REC-0528,2026-09-14,recorded,record_verification,,WATER_PROCESSING,,withheld (identifies the verified catalogue record),Verify the recorded capability of REC-0528,found,,REC-0528,false,record_verification,"author evidence register, not in this release: actor_verification_industrial_2026-09-14.csv",Verdict SOURCED
VER-REC-0529,2026-09-14,recorded,record_verification,,WATER_PROCESSING,,withheld (identifies the verified catalogue record),Verify the recorded capability of REC-0529,found,,REC-0529,false,record_verification,"author evidence register, not in this release: actor_verification_industrial_2026-09-14.csv",Verdict SOURCED
VER-REC-0530,2026-09-14,recorded,record_verification,,WATER_PROCESSING,,withheld (identifies the verified catalogue record),Verify the recorded capability of REC-0530,found,,REC-0530,false,record_verification,"author evidence register, not in this release: actor_verification_industrial_2026-09-14.csv",Verdict SOURCED
VER-REC-0531,2026-09-14,recorded,record_verification,,WATER_PROCESSING,,withheld (identifies the verified catalogue record),Verify the recorded capability of REC-0531,found,,REC-0531,false,record_verification,"author evidence register, not in this release: actor_verification_industrial_2026-09-14.csv",Verdict SOURCED
VER-REC-0532,2026-09-14,recorded,record_verification,,WATER_PROCESSING,,withheld (identifies the verified catalogue record),Verify the recorded capability of REC-0532,ambiguous,,REC-0532,false,record_verification,"author evidence register, not in this release: actor_verification_industrial_2026-09-14.csv",Verdict AMBIGUOUS
VER-REC-0533,2026-09-14,recorded,record_verification,,WATER_PROCESSING,,withheld (identifies the verified catalogue record),Verify the recorded capability of REC-0533,ambiguous,,REC-0533,false,record_verification,"author evidence register, not in this release: actor_verification_industrial_2026-09-14.csv",Verdict AMBIGUOUS
VER-REC-0534,2026-09-14,recorded,record_verification,,WATER_PROCESSING,,withheld (identifies the verified catalogue record),Verify the recorded capability of REC-0534,found,,REC-0534,false,record_verification,"author evidence register, not in this release: actor_verification_industrial_2026-09-14.csv",Verdict SOURCED
VER-REC-0535,2026-09-14,recorded,record_verification,,WATER_PROCESSING,,withheld (identifies the verified catalogue record),Verify the recorded capability of REC-0535,found,,REC-0535,false,record_verification,"author evidence register, not in this release: actor_verification_industrial_2026-09-14.csv",Verdict SOURCED
VER-REC-0536,2026-09-14,recorded,record_verification,,WATER_PROCESSING,,withheld (identifies the verified catalogue record),Verify the recorded capability of REC-0536,found,,REC-0536,false,record_verification,"author evidence register, not in this release: actor_verification_industrial_2026-09-14.csv",Verdict SOURCED
VER-REC-0537,2026-09-14,recorded,record_verification,,WATER_PROCESSING,,withheld (identifies the verified catalogue record),Verify the recorded capability of REC-0537,found,,REC-0537,false,record_verification,"author evidence register, not in this release: actor_verification_industrial_2026-09-14.csv",Verdict SOURCED
VER-REC-0538,2026-09-14,recorded,record_verification,,WATER_PROCESSING,,withheld (identifies the verified catalogue record),Verify the recorded capability of REC-0538,found,,REC-0538,false,record_verification,"author evidence register, not in this release: actor_verification_industrial_2026-09-14.csv",Verdict SOURCED
VER-REC-0539,2026-09-14,recorded,record_verification,,WATER_PROCESSING,,withheld (identifies the verified catalogue record),Verify the recorded capability of REC-0539,ambiguous,,REC-0539,false,record_verification,"author evidence register, not in this release: actor_verification_industrial_2026-09-14.csv",Verdict AMBIGUOUS
VER-REC-0541,2026-09-14,recorded,record_verification,,WATER_PROCESSING,,withheld (identifies the verified catalogue record),Verify the recorded capability of REC-0541,found,,REC-0541,false,record_verification,"author evidence register, not in this release: actor_verification_industrial_2026-09-14.csv",Verdict SOURCED
VER-REC-0542,2026-09-14,recorded,record_verification,,WATER_PROCESSING,,withheld (identifies the verified catalogue record),Verify the recorded capability of REC-0542,found,,REC-0542,false,record_verification,"author evidence register, not in this release: actor_verification_industrial_2026-09-14.csv",Verdict SOURCED
VER-REC-0543,2026-09-14,recorded,record_verification,,WATER_PROCESSING,,,Verify the recorded capability of REC-0543,not_completed,,REC-0543,false,record_verification,"author evidence register, not in this release: actor_verification_industrial_2026-09-14.csv",Verdict NOT_FOUND; the verification note says the search could not be carried out (access or search budget)
VER-REC-0544,2026-09-14,recorded,record_verification,,WATER_PROCESSING,,withheld (identifies the verified catalogue record),Verify the recorded capability of REC-0544,found,,REC-0544,false,record_verification,"author evidence register, not in this release: actor_verification_industrial_2026-09-14.csv",Verdict SOURCED
VER-REC-0545,2026-09-14,recorded,record_verification,,WATER_PROCESSING,,,Verify the recorded capability of REC-0545,not_completed,,REC-0545,false,record_verification,"author evidence register, not in this release: actor_verification_industrial_2026-09-14.csv",Verdict NOT_FOUND; the verification note says the search could not be carried out (access or search budget)
VER-REC-0546,2026-09-14,recorded,record_verification,,WATER_PROCESSING,,withheld (identifies the verified catalogue record),Verify the recorded capability of REC-0546,found,,REC-0546,false,record_verification,"author evidence register, not in this release: actor_verification_industrial_2026-09-14.csv",Verdict SOURCED
VER-REC-0547,2026-09-14,recorded,record_verification,,WATER_PROCESSING,,withheld (identifies the verified catalogue record),Verify the recorded capability of REC-0547,contradicted,,REC-0547,false,record_verification,"author evidence register, not in this release: actor_verification_industrial_2026-09-14.csv",Verdict CONTRADICTED
VER-REC-0548,2026-09-14,recorded,record_verification,,WATER_PROCESSING,,withheld (identifies the verified catalogue record),Verify the recorded capability of REC-0548,found,,REC-0548,false,record_verification,"author evidence register, not in this release: actor_verification_industrial_2026-09-14.csv",Verdict SOURCED
VER-REC-0549,2026-09-14,recorded,record_verification,,WATER_PROCESSING,,withheld (identifies the verified catalogue record),Verify the recorded capability of REC-0549,found,,REC-0549,false,record_verification,"author evidence register, not in this release: actor_verification_industrial_2026-09-14.csv",Verdict SOURCED
VER-REC-0550,2026-09-14,recorded,record_verification,,CABIN_AIR_MONITORING,,withheld (identifies the verified catalogue record),Verify the recorded capability of REC-0550,found,,REC-0550,false,record_verification,"author evidence register, not in this release: actor_verification_industrial_2026-09-14.csv",Verdict SOURCED
VER-REC-0551,2026-09-14,recorded,record_verification,,CABIN_AIR_MONITORING,,withheld (identifies the verified catalogue record),Verify the recorded capability of REC-0551,found,,REC-0551,false,record_verification,"author evidence register, not in this release: actor_verification_industrial_2026-09-14.csv",Verdict SOURCED
VER-REC-0552,2026-09-14,recorded,record_verification,,CABIN_AIR_MONITORING,,withheld (identifies the verified catalogue record),Verify the recorded capability of REC-0552,found,,REC-0552,false,record_verification,"author evidence register, not in this release: actor_verification_industrial_2026-09-14.csv",Verdict SOURCED
VER-REC-0553,2026-09-14,recorded,record_verification,,CABIN_AIR_MONITORING,,withheld (identifies the verified catalogue record),Verify the recorded capability of REC-0553,found,,REC-0553,false,record_verification,"author evidence register, not in this release: actor_verification_industrial_2026-09-14.csv",Verdict SOURCED
VER-REC-0554,2026-09-14,recorded,record_verification,,CABIN_AIR_MONITORING,,,Verify the recorded capability of REC-0554,not_completed,,REC-0554,false,record_verification,"author evidence register, not in this release: actor_verification_industrial_2026-09-14.csv",Verdict NOT_FOUND; the verification note says the search could not be carried out (access or search budget)
VER-REC-0555,2026-09-14,recorded,record_verification,,CABIN_AIR_MONITORING,,withheld (identifies the verified catalogue record),Verify the recorded capability of REC-0555,found,,REC-0555,false,record_verification,"author evidence register, not in this release: actor_verification_industrial_2026-09-14.csv",Verdict SOURCED
VER-REC-0556,2026-09-14,recorded,record_verification,,CABIN_AIR_MONITORING,,withheld (identifies the verified catalogue record),Verify the recorded capability of REC-0556,found,,REC-0556,false,record_verification,"author evidence register, not in this release: actor_verification_industrial_2026-09-14.csv",Verdict SOURCED
VER-REC-0557,2026-09-14,recorded,record_verification,,CABIN_AIR_MONITORING,,,Verify the recorded capability of REC-0557,not_completed,,REC-0557,false,record_verification,"author evidence register, not in this release: actor_verification_industrial_2026-09-14.csv",Verdict NOT_FOUND; the verification note says the search could not be carried out (access or search budget)
VER-REC-0558,2026-09-14,recorded,record_verification,,CABIN_AIR_MONITORING,,withheld (identifies the verified catalogue record),Verify the recorded capability of REC-0558,found,,REC-0558,false,record_verification,"author evidence register, not in this release: actor_verification_industrial_2026-09-14.csv",Verdict SOURCED
VER-REC-0559,2026-09-14,recorded,record_verification,,WATER_PROCESSING,,withheld (identifies the verified catalogue record),Verify the recorded capability of REC-0559,found,,REC-0559,false,record_verification,"author evidence register, not in this release: actor_verification_industrial_2026-09-14.csv",Verdict SOURCED
VER-REC-0560,2026-09-14,recorded,record_verification,,WATER_PROCESSING,,withheld (identifies the verified catalogue record),Verify the recorded capability of REC-0560,ambiguous,,REC-0560,false,record_verification,"author evidence register, not in this release: actor_verification_industrial_2026-09-14.csv",Verdict AMBIGUOUS
VER-REC-0561,2026-09-14,recorded,record_verification,,WATER_PROCESSING,,withheld (identifies the verified catalogue record),Verify the recorded capability of REC-0561,found,,REC-0561,false,record_verification,"author evidence register, not in this release: actor_verification_industrial_2026-09-14.csv",Verdict SOURCED
VER-REC-0562,2026-09-14,recorded,record_verification,,WATER_PROCESSING,,withheld (identifies the verified catalogue record),Verify the recorded capability of REC-0562,found,,REC-0562,false,record_verification,"author evidence register, not in this release: actor_verification_industrial_2026-09-14.csv",Verdict SOURCED
VER-REC-0563,2026-09-14,recorded,record_verification,,WATER_PROCESSING,,withheld (identifies the verified catalogue record),Verify the recorded capability of REC-0563,ambiguous,,REC-0563,false,record_verification,"author evidence register, not in this release: actor_verification_industrial_2026-09-14.csv",Verdict AMBIGUOUS
VER-REC-0564,2026-09-14,recorded,record_verification,,WATER_PROCESSING,,withheld (identifies the verified catalogue record),Verify the recorded capability of REC-0564,ambiguous,,REC-0564,false,record_verification,"author evidence register, not in this release: actor_verification_industrial_2026-09-14.csv",Verdict AMBIGUOUS
VER-REC-0565,2026-09-14,recorded,record_verification,,WATER_PROCESSING,,withheld (identifies the verified catalogue record),Verify the recorded capability of REC-0565,ambiguous,,REC-0565,false,record_verification,"author evidence register, not in this release: actor_verification_industrial_2026-09-14.csv",Verdict AMBIGUOUS
VER-REC-0566,2026-09-14,recorded,record_verification,,WATER_PROCESSING,,withheld (identifies the verified catalogue record),Verify the recorded capability of REC-0566,ambiguous,,REC-0566,false,record_verification,"author evidence register, not in this release: actor_verification_industrial_2026-09-14.csv",Verdict AMBIGUOUS
VER-REC-0567,2026-09-14,recorded,record_verification,,CO2_REMOVAL,,withheld (identifies the verified catalogue record),Verify the recorded capability of REC-0567,ambiguous,,REC-0567,false,record_verification,"author evidence register, not in this release: actor_verification_industrial_2026-09-14.csv",Verdict AMBIGUOUS
VER-REC-0090,2026-09-14,recorded,record_verification,,CO2_REMOVAL,,withheld (identifies the verified catalogue record),Verify the recorded capability of REC-0090,found,,REC-0090,false,record_verification,"author evidence register, not in this release: actor_verification_space_2026-09-14.csv",Verdict SOURCED
VER-REC-0091,2026-09-14,recorded,record_verification,,OXYGEN_GENERATION,,withheld (identifies the verified catalogue record),Verify the recorded capability of REC-0091,found,,REC-0091,false,record_verification,"author evidence register, not in this release: actor_verification_space_2026-09-14.csv",Verdict SOURCED
VER-REC-0092,2026-09-14,recorded,record_verification,,INTEGRATED_ECLSS,,withheld (identifies the verified catalogue record),Verify the recorded capability of REC-0092,found,,REC-0092,false,record_verification,"author evidence register, not in this release: actor_verification_space_2026-09-14.csv",Verdict SOURCED
VER-REC-0093,2026-09-14,recorded,record_verification,,WATER_PROCESSING,,withheld (identifies the verified catalogue record),Verify the recorded capability of REC-0093,found,,REC-0093,false,record_verification,"author evidence register, not in this release: actor_verification_space_2026-09-14.csv",Verdict SOURCED
VER-REC-0094,2026-09-14,recorded,record_verification,,INTEGRATED_ECLSS,,,Verify the recorded capability of REC-0094,not_found,,REC-0094,false,record_verification,"author evidence register, not in this release: actor_verification_space_2026-09-14.csv",Verdict NOT_FOUND
VER-REC-0095,2026-09-14,recorded,record_verification,,INTEGRATED_ECLSS,,withheld (identifies the verified catalogue record),Verify the recorded capability of REC-0095,found,,REC-0095,false,record_verification,"author evidence register, not in this release: actor_verification_space_2026-09-14.csv",Verdict SOURCED
VER-REC-0096,2026-09-14,recorded,record_verification,,INTEGRATED_ECLSS,,withheld (identifies the verified catalogue record),Verify the recorded capability of REC-0096,found,,REC-0096,false,record_verification,"author evidence register, not in this release: actor_verification_space_2026-09-14.csv",Verdict SOURCED
VER-REC-0097,2026-09-14,recorded,record_verification,,INTEGRATED_ECLSS,,withheld (identifies the verified catalogue record),Verify the recorded capability of REC-0097,found,,REC-0097,false,record_verification,"author evidence register, not in this release: actor_verification_space_2026-09-14.csv",Verdict SOURCED
VER-REC-0098,2026-09-14,recorded,record_verification,,INTEGRATED_ECLSS,,withheld (identifies the verified catalogue record),Verify the recorded capability of REC-0098,found,,REC-0098,false,record_verification,"author evidence register, not in this release: actor_verification_space_2026-09-14.csv",Verdict SOURCED
VER-REC-0099,2026-09-14,recorded,record_verification,,NOT_APPLICABLE,,withheld (identifies the verified catalogue record),Verify the recorded capability of REC-0099,found,,REC-0099,false,record_verification,"author evidence register, not in this release: actor_verification_space_2026-09-14.csv",Verdict SOURCED
VER-REC-0126,2026-09-14,recorded,record_verification,,INTEGRATED_ECLSS,,withheld (identifies the verified catalogue record),Verify the recorded capability of REC-0126,found,,REC-0126,false,record_verification,"author evidence register, not in this release: actor_verification_space_2026-09-14.csv",Verdict SOURCED
VER-REC-0127,2026-09-14,recorded,record_verification,,INTEGRATED_ECLSS,,withheld (identifies the verified catalogue record),Verify the recorded capability of REC-0127,found,,REC-0127,false,record_verification,"author evidence register, not in this release: actor_verification_space_2026-09-14.csv",Verdict SOURCED
VER-REC-0128,2026-09-14,recorded,record_verification,,INTEGRATED_ECLSS,,withheld (identifies the verified catalogue record),Verify the recorded capability of REC-0128,found,,REC-0128,false,record_verification,"author evidence register, not in this release: actor_verification_space_2026-09-14.csv",Verdict SOURCED
VER-REC-0129,2026-09-14,recorded,record_verification,,INTEGRATED_ECLSS,,withheld (identifies the verified catalogue record),Verify the recorded capability of REC-0129,found,,REC-0129,false,record_verification,"author evidence register, not in this release: actor_verification_space_2026-09-14.csv",Verdict SOURCED
VER-REC-0130,2026-09-14,recorded,record_verification,,NOT_APPLICABLE,,withheld (identifies the verified catalogue record),Verify the recorded capability of REC-0130,ambiguous,,REC-0130,false,record_verification,"author evidence register, not in this release: actor_verification_space_2026-09-14.csv",Verdict AMBIGUOUS
VER-REC-0125,2026-09-14,recorded,record_verification,,OXYGEN_GENERATION,,withheld (identifies the verified catalogue record),Verify the recorded capability of REC-0125,found,,REC-0125,false,record_verification,"author evidence register, not in this release: actor_verification_space_2026-09-14.csv",Verdict SOURCED
VER-REC-0100,2026-09-14,recorded,record_verification,,OXYGEN_GENERATION,,withheld (identifies the verified catalogue record),Verify the recorded capability of REC-0100,found,,REC-0100,false,record_verification,"author evidence register, not in this release: actor_verification_space_2026-09-14.csv",Verdict SOURCED
VER-REC-0111,2026-09-14,recorded,record_verification,,ECLSS_TESTING,,withheld (identifies the verified catalogue record),Verify the recorded capability of REC-0111,found,,REC-0111,false,record_verification,"author evidence register, not in this release: actor_verification_space_2026-09-14.csv",Verdict SOURCED
VER-REC-0101,2026-09-14,recorded,record_verification,,CO2_REMOVAL,,withheld (identifies the verified catalogue record),Verify the recorded capability of REC-0101,found,,REC-0101,false,record_verification,"author evidence register, not in this release: actor_verification_space_2026-09-14.csv",Verdict SOURCED
VER-REC-0102,2026-09-14,recorded,record_verification,,INTEGRATED_ECLSS,,withheld (identifies the verified catalogue record),Verify the recorded capability of REC-0102,found,,REC-0102,false,record_verification,"author evidence register, not in this release: actor_verification_space_2026-09-14.csv",Verdict SOURCED
VER-REC-0103,2026-09-14,recorded,record_verification,,PRESSURISED_HABITAT_INTEGRATION,,withheld (identifies the verified catalogue record),Verify the recorded capability of REC-0103,found,,REC-0103,false,record_verification,"author evidence register, not in this release: actor_verification_space_2026-09-14.csv",Verdict SOURCED
VER-REC-0104,2026-09-14,recorded,record_verification,,INTEGRATED_ECLSS,,withheld (identifies the verified catalogue record),Verify the recorded capability of REC-0104,found,,REC-0104,false,record_verification,"author evidence register, not in this release: actor_verification_space_2026-09-14.csv",Verdict SOURCED
VER-REC-0105,2026-09-14,recorded,record_verification,,INTEGRATED_ECLSS,,withheld (identifies the verified catalogue record),Verify the recorded capability of REC-0105,found,,REC-0105,false,record_verification,"author evidence register, not in this release: actor_verification_space_2026-09-14.csv",Verdict SOURCED
VER-REC-0106,2026-09-14,recorded,record_verification,,INTEGRATED_ECLSS,,,Verify the recorded capability of REC-0106,not_found,,REC-0106,false,record_verification,"author evidence register, not in this release: actor_verification_space_2026-09-14.csv",Verdict NOT_FOUND
VER-REC-0107,2026-09-14,recorded,record_verification,,NOT_APPLICABLE,,withheld (identifies the verified catalogue record),Verify the recorded capability of REC-0107,found,,REC-0107,false,record_verification,"author evidence register, not in this release: actor_verification_space_2026-09-14.csv",Verdict SOURCED
VER-REC-0108,2026-09-14,recorded,record_verification,,INTEGRATED_ECLSS,,,Verify the recorded capability of REC-0108,not_completed,,REC-0108,false,record_verification,"author evidence register, not in this release: actor_verification_space_2026-09-14.csv",Verdict NOT_FOUND; the verification note says the search could not be carried out (access or search budget)
VER-REC-0109,2026-09-14,recorded,record_verification,,INTEGRATED_ECLSS,,,Verify the recorded capability of REC-0109,not_completed,,REC-0109,false,record_verification,"author evidence register, not in this release: actor_verification_space_2026-09-14.csv",Verdict NOT_FOUND; the verification note says the search could not be carried out (access or search budget)
VER-REC-0110,2026-09-14,recorded,record_verification,,OXYGEN_GENERATION,,,Verify the recorded capability of REC-0110,not_completed,,REC-0110,false,record_verification,"author evidence register, not in this release: actor_verification_space_2026-09-14.csv",Verdict NOT_FOUND; the verification note says the search could not be carried out (access or search budget)
VER-REC-0131,2026-09-14,recorded,record_verification,,INTEGRATED_ECLSS,,,Verify the recorded capability of REC-0131,not_completed,,REC-0131,false,record_verification,"author evidence register, not in this release: actor_verification_space_2026-09-14.csv",Verdict NOT_FOUND; the verification note says the search could not be carried out (access or search budget)
VER-REC-0132,2026-09-14,recorded,record_verification,,OXYGEN_GENERATION,,,Verify the recorded capability of REC-0132,not_completed,,REC-0132,false,record_verification,"author evidence register, not in this release: actor_verification_space_2026-09-14.csv",Verdict NOT_FOUND; the verification note says the search could not be carried out (access or search budget)
VER-REC-0133,2026-09-14,recorded,record_verification,,CO2_REMOVAL,,,Verify the recorded capability of REC-0133,not_completed,,REC-0133,false,record_verification,"author evidence register, not in this release: actor_verification_space_2026-09-14.csv",Verdict NOT_FOUND; the verification note says the search could not be carried out (access or search budget)
VER-REC-0134,2026-09-14,recorded,record_verification,,WATER_PROCESSING,,,Verify the recorded capability of REC-0134,not_completed,,REC-0134,false,record_verification,"author evidence register, not in this release: actor_verification_space_2026-09-14.csv",Verdict NOT_FOUND; the verification note says the search could not be carried out (access or search budget)
VER-REC-0135,2026-09-14,recorded,record_verification,,INTEGRATED_ECLSS,,withheld (identifies the verified catalogue record),Verify the recorded capability of REC-0135,found,,REC-0135,false,record_verification,"author evidence register, not in this release: actor_verification_space_2026-09-14.csv",Verdict SOURCED
VER-REC-0136,2026-09-14,recorded,record_verification,,INTEGRATED_ECLSS,,withheld (identifies the verified catalogue record),Verify the recorded capability of REC-0136,found,,REC-0136,false,record_verification,"author evidence register, not in this release: actor_verification_space_2026-09-14.csv",Verdict SOURCED
VER-REC-0137,2026-09-14,recorded,record_verification,,INTEGRATED_ECLSS,,withheld (identifies the verified catalogue record),Verify the recorded capability of REC-0137,ambiguous,,REC-0137,false,record_verification,"author evidence register, not in this release: actor_verification_space_2026-09-14.csv",Verdict AMBIGUOUS
VER-REC-0138,2026-09-14,recorded,record_verification,,FIRE_DETECTION_SUPPRESSION,,,Verify the recorded capability of REC-0138,not_found,,REC-0138,false,record_verification,"author evidence register, not in this release: actor_verification_space_2026-09-14.csv",Verdict NOT_FOUND
VER-REC-0139,2026-09-14,recorded,record_verification,,INTEGRATED_ECLSS,,,Verify the recorded capability of REC-0139,not_found,,REC-0139,false,record_verification,"author evidence register, not in this release: actor_verification_space_2026-09-14.csv",Verdict NOT_FOUND
VER-REC-0140,2026-09-14,recorded,record_verification,,INTEGRATED_ECLSS,,,Verify the recorded capability of REC-0140,not_found,,REC-0140,false,record_verification,"author evidence register, not in this release: actor_verification_space_2026-09-14.csv",Verdict NOT_FOUND
VER-REC-0141,2026-09-14,recorded,record_verification,,AIR_PURIFICATION,,,Verify the recorded capability of REC-0141,not_found,,REC-0141,false,record_verification,"author evidence register, not in this release: actor_verification_space_2026-09-14.csv",Verdict NOT_FOUND
VER-REC-0142,2026-09-14,recorded,record_verification,,INTEGRATED_ECLSS,,withheld (identifies the verified catalogue record),Verify the recorded capability of REC-0142,ambiguous,,REC-0142,false,record_verification,"author evidence register, not in this release: actor_verification_space_2026-09-14.csv",Verdict AMBIGUOUS
VER-REC-0143,2026-09-14,recorded,record_verification,,PLANT_GROWTH,,withheld (identifies the verified catalogue record),Verify the recorded capability of REC-0143,ambiguous,,REC-0143,false,record_verification,"author evidence register, not in this release: actor_verification_space_2026-09-14.csv",Verdict AMBIGUOUS
VER-REC-0144,2026-09-14,recorded,record_verification,,PLANT_GROWTH,,,Verify the recorded capability of REC-0144,not_found,,REC-0144,false,record_verification,"author evidence register, not in this release: actor_verification_space_2026-09-14.csv",Verdict NOT_FOUND
VER-REC-0145,2026-09-14,recorded,record_verification,,INTEGRATED_ECLSS,,,Verify the recorded capability of REC-0145,not_found,,REC-0145,false,record_verification,"author evidence register, not in this release: actor_verification_space_2026-09-14.csv",Verdict NOT_FOUND
VER-REC-0146,2026-09-14,recorded,record_verification,,PLANT_GROWTH,,,Verify the recorded capability of REC-0146,not_found,,REC-0146,false,record_verification,"author evidence register, not in this release: actor_verification_space_2026-09-14.csv",Verdict NOT_FOUND
