case_id,candidate,function,technology_id
HLS_SORTIE,open,co2_removal,T-AR-001
HLS_SORTIE,open,humidity_control,T-AR-003
HLS_SORTIE,open,monitoring_atmosphere,T-EM-001
HLS_SORTIE,open,o2_storage,T-AR-002
HLS_SORTIE,open,tccs,T-AR-004
HLS_SORTIE,open,water_storage,T-WR-001
HLS_SORTIE,integrated,co2_reduction,T-AR-014
HLS_SORTIE,integrated,co2_removal,T-AR-014
HLS_SORTIE,integrated,humidity_control,T-AR-003
HLS_SORTIE,integrated,monitoring_atmosphere,T-EM-001
HLS_SORTIE,integrated,o2_generation,T-AR-014
HLS_SORTIE,integrated,o2_storage,T-AR-002
HLS_SORTIE,integrated,tccs,T-AR-004
HLS_SORTIE,integrated,water_polishing,T-WR-006
HLS_SORTIE,integrated,water_processing,T-WR-009
HLS_SORTIE,integrated,water_storage,T-WR-001
HLS_SORTIE,distributed,co2_reduction,T-AR-008
HLS_SORTIE,distributed,co2_removal,T-AR-006
HLS_SORTIE,distributed,humidity_control,T-AR-003
HLS_SORTIE,distributed,monitoring_atmosphere,T-EM-001
HLS_SORTIE,distributed,o2_generation,T-AR-007
HLS_SORTIE,distributed,o2_storage,T-AR-002
HLS_SORTIE,distributed,tccs,T-AR-004
HLS_SORTIE,distributed,water_polishing,T-WR-006
HLS_SORTIE,distributed,water_processing,T-WR-009
HLS_SORTIE,distributed,water_storage,T-WR-001
ANALOGS,integrated,co2_reduction,T-AR-014
ANALOGS,integrated,co2_removal,T-AR-014
ANALOGS,integrated,humidity_control,T-AR-003
ANALOGS,integrated,monitoring_atmosphere,T-EM-001
ANALOGS,integrated,o2_generation,T-AR-014
ANALOGS,integrated,o2_storage,T-AR-002
ANALOGS,integrated,tccs,T-AR-004
ANALOGS,integrated,water_polishing,T-WR-006
ANALOGS,integrated,water_processing,T-WR-009
ANALOGS,integrated,water_storage,T-WR-001
ANALOGS,distributed,co2_reduction,T-AR-008
ANALOGS,distributed,co2_removal,T-AR-006
ANALOGS,distributed,humidity_control,T-AR-003
ANALOGS,distributed,monitoring_atmosphere,T-EM-001
ANALOGS,distributed,monitoring_trace_gas,T-EM-002
ANALOGS,distributed,o2_generation,T-AR-007
ANALOGS,distributed,o2_storage,T-AR-002
ANALOGS,distributed,tccs,T-AR-004
ANALOGS,distributed,water_disinfection,T-WR-005
ANALOGS,distributed,water_polishing,T-WR-006
ANALOGS,distributed,water_processing,T-WR-009
ANALOGS,distributed,water_storage,T-WR-001
