case_id,candidate,air_recovery,water_recovery,water_kg,eclss_kg,vehicle_wet_kg,power_w,volume_m3
HLS_SORTIE,open,0,0,179.8,613.556,33729.53939666806,1008.75,0.625
HLS_SORTIE,open,0,1,179.8,613.556,33729.53939666806,1008.75,0.625
HLS_SORTIE,open,1,0,179.8,613.556,33729.53939666806,1008.75,0.625
HLS_SORTIE,open,1,1,179.8,613.556,33729.53939666806,1008.75,0.625
HLS_SORTIE,integrated,0,0,122.22400000000002,1530.374852364352,40090.24108304739,4275.804301440506,3.548903686949005
HLS_SORTIE,integrated,0,1,130.67200000000003,1538.9918123643517,40138.75013122853,4275.804301440506,3.548903686949005
HLS_SORTIE,integrated,1,0,126.00400000000002,1534.2304523643518,40111.94566378645,4275.804301440506,3.548903686949005
HLS_SORTIE,integrated,1,1,134.452,1542.8474123643518,40160.45632000857,4275.804301440506,3.548903686949005
HLS_SORTIE,distributed,0,0,122.22400000000002,953.4272659167553,35800.56412158137,4012.172701748943,2.375087876357042
HLS_SORTIE,distributed,0,1,130.67200000000003,962.0442259167554,35843.22784683583,4012.172701748943,2.375087876357042
HLS_SORTIE,distributed,1,0,126.00400000000002,957.2828659167553,35819.65056536129,4012.172701748943,2.375087876357042
HLS_SORTIE,distributed,1,1,134.452,965.8998259167554,35862.32567571632,4012.172701748943,2.375087876357042
HUMANS,integrated,0,0,104.3909999999999,1127.2703197097378,,2820.978800333758,2.3414032447501523
HUMANS,integrated,0,1,132.22299999999993,1155.658959709738,,2820.978800333758,2.3414032447501523
HUMANS,integrated,1,0,107.69849999999991,1130.6439697097378,,2820.978800333758,2.3414032447501523
HUMANS,integrated,1,1,135.53049999999993,1159.032609709738,,2820.978800333758,2.3414032447501523
HUMANS,distributed,0,0,104.3909999999999,762.7083701628169,,2679.209814997482,1.5836324081904631
HUMANS,distributed,0,1,132.22299999999993,791.0970101628169,,2679.209814997482,1.5836324081904631
HUMANS,distributed,1,0,107.69849999999991,766.0820201628169,,2679.209814997482,1.5836324081904631
HUMANS,distributed,1,1,135.53049999999993,794.4706601628169,,2679.209814997482,1.5836324081904631
